<?xml version="1.0" encoding="UTF-8"?>
<configuration>
    <conversionRule conversionWord="clr" converterClass="org.springframework.boot.logging.logback.ColorConverter" />
    <conversionRule conversionWord="wex" converterClass="org.springframework.boot.logging.logback.WhitespaceThrowableProxyConverter" />
    <conversionRule conversionWord="wEx" converterClass="org.springframework.boot.logging.logback.ExtendedWhitespaceThrowableProxyConverter" />

    <property name="LOGS" value="/var/log/infocity-service" />

    <appender name="Console" class="ch.qos.logback.core.ConsoleAppender">
        <layout class="ch.qos.logback.classic.PatternLayout">
            <Pattern>
                %green(%X{Slf4jMDCFilter.UUID}) %gray(%d{ISO8601}) %clr(${LOG_LEVEL_PATTERN:-%2p}) %X{Slf4jMDCFilter.ClientIP} %X{Slf4jMDCFilter.RequestURI} %X{Slf4jMDCFilter.Site} %X{Slf4jMDCFilter.UserName} %blue(%thread) %yellow(%C{1.}): %msg%n%throwable
            </Pattern>
        </layout>
    </appender>

    <appender name="RollingFile" class="ch.qos.logback.core.rolling.RollingFileAppender">
        <file>${LOGS}/spring-boot-logger.log</file>
        <encoder class="ch.qos.logback.classic.encoder.PatternLayoutEncoder">
            <Pattern>
                %green(%X{Slf4jMDCFilter.UUID}) %gray(%d{ISO8601}) %clr(${LOG_LEVEL_PATTERN:-%5p}) %X{Slf4jMDCFilter.ClientIP} %X{Slf4jMDCFilter.RequestURI} %X{Slf4jMDCFilter.Site} %X{Slf4jMDCFilter.UserName} %blue(%thread) %yellow(%C{1.}): %msg%n%throwable
            </Pattern>
        </encoder>

        <rollingPolicy class="ch.qos.logback.core.rolling.TimeBasedRollingPolicy">
            <!-- rollover daily and when the file reaches 10 MB -->
            <fileNamePattern>${LOGS}/archived/spring-boot-logger-%d{yyyy-MM-dd}.%i.log
            </fileNamePattern>
            <timeBasedFileNamingAndTriggeringPolicy class="ch.qos.logback.core.rolling.SizeAndTimeBasedFNATP">
                <maxFileSize>10MB</maxFileSize>
            </timeBasedFileNamingAndTriggeringPolicy>
        </rollingPolicy>
    </appender>

    <!-- LOG everything at INFO level -->
    <root level="info">
        <appender-ref ref="RollingFile" />
        <appender-ref ref="Console" />
    </root>

</configuration>
